{
  "threshold": 0.45,
  "val_sharpe": -74.18617961452539,
  "val_metrics": {
    "auc": 0.5659213037894459,
    "precision": 0.44289304184498746,
    "recall": 0.6062455975581122,
    "f1": 0.5118521932628595,
    "sharpe": -74.18617961452539,
    "total_pnl": -26.256258531036824,
    "max_drawdown": -26.257971481957277,
    "trade_rate": 0.2250777478869746,
    "n_signals": 116597,
    "n_total": 209653
  },
  "test_metrics": {
    "auc": 0.553363443348493,
    "precision": 0.4291750951417698,
    "recall": 0.5965236245800472,
    "f1": 0.49919743178170145,
    "sharpe": -66.89603389546815,
    "total_pnl": -28.24916735854497,
    "max_drawdown": -28.249980590117303,
    "trade_rate": 0.22267270203622175,
    "n_signals": 116668,
    "n_total": 209654
  },
  "alpha": 0.15,
  "forward_steps": 10,
  "vol_window": 20,
  "tickers": [
    "AAPL",
    "MSFT",
    "NVDA",
    "AMZN",
    "TSLA",
    "GOOGL",
    "META",
    "NFLX",
    "AMD",
    "INTC",
    "SPY",
    "QQQ",
    "BABA",
    "CRM",
    "UBER"
  ],
  "n_features": 46,
  "features": [
    "log_ret",
    "log_ret_sq",
    "ret_1_lag1",
    "ret_1_lag2",
    "cumret_5",
    "rvol_5",
    "rvol_10",
    "rvol_20",
    "rvol_60",
    "ewma_vol",
    "gk_vol_20",
    "vol_ratio_5_20",
    "vol_ratio_10_60",
    "mom_10",
    "mom_20",
    "mom_60",
    "macd",
    "macd_sig",
    "macd_hist",
    "macd_cross",
    "rsi_7",
    "rsi_14",
    "bb_pos",
    "bb_width",
    "vwap_dev",
    "vwap_trend",
    "vol_zscore",
    "vol_ratio",
    "tick_rule",
    "ofi_5",
    "ofi_20",
    "amihud_20",
    "hl_range",
    "hl_pct",
    "close_pos",
    "signed_rv_20",
    "skew_20",
    "kurt_20",
    "autocorr_1",
    "time_sin",
    "time_cos",
    "intraday_pos",
    "near_open",
    "near_close",
    "day_of_week",
    "ticker_id"
  ],
  "trained_at": "2026-03-02T06:23:56.650296",
  "shap_top10": [],
  "ensemble_weight_xgb": 0.7000000000000002
}